name,company,phoneNumber,email
Rebbecca Didio,Brandt Jonathan F Esq,03-8174-9123,rebbecca.didio@didio.com.au
Stevie Hallo,Landrum Temporary Services,07-9997-3366,stevie.hallo@hotmail.com
Mariko Stayer,Inabinet Macre Esq,08-5558-9019,mariko_stayer@hotmail.com
Gerardo Woodka,Morris Downing & Sherred,02-6044-4682,gerardo_woodka@hotmail.com
Mayra Bena,Buelt David L Esq,02-1455-6085,mayra.bena@gmail.com
Idella Scotland,Artesian Ice & Cold Storage Co,08-7868-1355,idella@hotmail.com
Sherill Klar,Midway Hotel,08-6522-8931,sklar@hotmail.com
Ena Desjardiws,Selsor Robert J Esq,02-5226-9402,ena_desjardiws@desjardiws.com.au
Vince Siena,Vincent J Petti & Co,07-3184-9989,vince_siena@yahoo.com
Theron Jarding,Prentiss Paul F Esq,08-6890-4661,tjarding@hotmail.com
Amira Chudej,Public Works Department,07-8135-3271,amira.chudej@chudej.net.au
Marica Tarbor,Prudential Lighting Corp,03-1174-6817,marica.tarbor@hotmail.com
Shawna Albrough,Wood J Scott Esq,07-7977-6039,shawna.albrough@albrough.com.au
Paulina Maker,Swanson Peterson Fnrl Home Inc,08-8344-8929,paulina_maker@maker.net.au
Rose Jebb,Old Cider Mill Grove,07-4941-9471,rose@jebb.net.au
Reita Tabar,Cooper Myers Y Co,02-3518-7078,rtabar@hotmail.com
Maybelle Bewley,Angelo International,07-9387-7293,mbewley@yahoo.com
Camellia Pylant,Blackley William J Pa,02-5171-4345,camellia_pylant@gmail.com
Roy Nybo,Phoenix Phototype,02-5311-7778,rnybo@nybo.net.au
Albert Sonier,Quartzite Processing Inc,07-9354-2612,albert.sonier@gmail.com
Hayley Taghon,Biltmore Textile Co Inc,02-1638-4380,htaghon@taghon.net.au
Norah Daleo,Gateway Refrigeration,02-5322-6127,ndaleo@daleo.net.au
Rosina Sidhu,Anchorage Yamaha,07-6460-4488,rosina_sidhu@gmail.com
Royal Costeira,Wynns Precision Inc Az Div,07-5338-6357,royal_costeira@costeira.com.au
Barrie Nicley,Paragon Cable Tv,03-6443-2786,bnicley@nicley.com.au
Linsey Gedman,Eagle Computer Services Inc,07-4785-3781,lgedman@gedman.net.au
Laura Bourbonnais,Kansas Association Ins Agtts,03-6543-6688,laura.bourbonnais@yahoo.com
Fanny Stoneking,Di Giacomo Richard F Esq,07-3721-9123,fstoneking@hotmail.com
Kristian Ellerbusch,Butler Frank B Esq,08-2748-1250,kristian@yahoo.com
Gwen Julye,Alphagraphics Printshops,03-7063-6734,gjulye@hotmail.com
Ben Majorga,Voyager Travel Service,02-8171-9051,ben.majorga@hotmail.com
Trina Oto,N Amer Plast & Chemls Co Inc,07-1153-8567,trina@oto.com.au
Emelda Geffers,D L Downing General Contr Inc,08-7097-3947,emelda.geffers@gmail.com
Zana Ploszaj,Community Insurance Agy Inc,07-7991-8880,zana_ploszaj@ploszaj.net.au
Shaun Rael,House Of Ing,03-8998-5485,shaun.rael@rael.com.au
Oren Lobosco,Vei Inc,02-5046-1307,olobosco@hotmail.com
Catherin Aguele,Hanna Robert J Esq,07-6476-1399,caguele@gmail.com
Pearlene Boudrie,Design Rite Homes Inc,07-4463-7223,pboudrie@boudrie.net.au
Kathryn Bonalumi,State Library,08-3071-2258,kathryn.bonalumi@yahoo.com
Suzan Landa,Vista Grande Baptist Church,07-1576-1412,suzan.landa@gmail.com
Sommer Agar,Poole Publications Inc,08-9130-3372,sagar@agar.net.au
Keena Rebich,Affilated Consulting Group Inc,02-4972-3570,krebich@rebich.net.au
Rupert Hinkson,Northwestern Mutual Life Ins,02-7160-2066,rupert_hinkson@hinkson.net.au
Aleta Poarch,Barrett Burke Wilson Castl,03-2691-1298,apoarch@gmail.com
Jamal Korczynski,Helricks Inc,02-3877-9654,jamal_korczynski@gmail.com
Luz Broccoli,Wynn Mary Ellen Esq,07-2679-1774,luz_broccoli@hotmail.com
Janessa Ruthers,Mackraft Signs,02-2367-6845,janessa@yahoo.com
Lavonne Esco,Ansaring Answering Service,03-3474-2120,lavonne.esco@yahoo.com
Honey Lymaster,Joiner & Goudeau Law Offices,07-8087-2603,honey_lymaster@lymaster.net.au
Jean Cecchinato,Cox J Thomas Jr,08-5263-2786,jean.cecchinato@gmail.com
